"variable","beta","outcome","predictor"
"BLFemale",-0.207897965869679,"pd_mci_amnestic_death","full set"
"RaceBlack",-0.0268688777170654,"pd_mci_amnestic_death","full set"
"RaceHispanic",-0.211302739448409,"pd_mci_amnestic_death","full set"
"RaceWhite",0.100762525454338,"pd_mci_amnestic_death","full set"
"BLSBP",0.00134806015063113,"pd_mci_amnestic_death","full set"
"BLDBP",0,"pd_mci_amnestic_death","full set"
"BLseatHeartRate",0.000719148378773151,"pd_mci_amnestic_death","full set"
"BLSmokerCurrent",0.117660432839365,"pd_mci_amnestic_death","full set"
"BLDizzy",0,"pd_mci_amnestic_death","full set"
"BLSmokerFormer",0,"pd_mci_amnestic_death","full set"
"BLAspirinYN",-0.0399928609540902,"pd_mci_amnestic_death","full set"
"BLStatinYN",0,"pd_mci_amnestic_death","full set"
"result_K",-0.0265080903998244,"pd_mci_amnestic_death","full set"
"BLtotChol",-0.000284383063447693,"pd_mci_amnestic_death","full set"
"BLHDL",0,"pd_mci_amnestic_death","full set"
"BLTriglycerides",3.17593669423844e-05,"pd_mci_amnestic_death","full set"
"BLBMI",-0.0072929443394549,"pd_mci_amnestic_death","full set"
"BLGlucose",0.000669307909384067,"pd_mci_amnestic_death","full set"
"BLClinicalCVD",0.0377378554326852,"pd_mci_amnestic_death","full set"
"BLLeftVentricalHypertrophyany3",0.0822794090660876,"pd_mci_amnestic_death","full set"
"BLNsaidYN",0,"pd_mci_amnestic_death","full set"
"BLCoronaryRevascular",0,"pd_mci_amnestic_death","full set"
"BLlivewithothers",-0.0550810047748843,"pd_mci_amnestic_death","full set"
"BLfulltimework",0,"pd_mci_amnestic_death","full set"
"BLdepress",0,"pd_mci_amnestic_death","full set"
"BLNonAntiHyperMedNum",-0.0161489108321415,"pd_mci_amnestic_death","full set"
"BLAntiHyperMedNum",-0.0146160677528301,"pd_mci_amnestic_death","full set"
"BLThiazideDiuretic",-0.0461505791238494,"pd_mci_amnestic_death","full set"
"BLLoopDiuretic",0.193578044217451,"pd_mci_amnestic_death","full set"
"BLBetaBlocker",0,"pd_mci_amnestic_death","full set"
"BLAlphaBlocker",0,"pd_mci_amnestic_death","full set"
"LogicalMemory_DelayedRecall1",-0.109655923502282,"pd_mci_amnestic_death","full set"
"DigitSymbolCoding",-0.0181962241601127,"pd_mci_amnestic_death","full set"
"result_creatr",0.069304018270871,"pd_mci_amnestic_death","full set"
"BLSmokerNever",-0.0219830658540668,"pd_mci_amnestic_death","full set"
"medicare",0.00632253235641565,"pd_mci_amnestic_death","full set"
"medicaid",0,"pd_mci_amnestic_death","full set"
"va",0.0983964998819905,"pd_mci_amnestic_death","full set"
"privOther",-0.0299109161106047,"pd_mci_amnestic_death","full set"
"uninsured",0,"pd_mci_amnestic_death","full set"
"BLalcohol",-0.0284567784867656,"pd_mci_amnestic_death","full set"
"BLvig15min",-0.181749680282117,"pd_mci_amnestic_death","full set"
"BLacei",0,"pd_mci_amnestic_death","full set"
"BLarb",-0.0334136947506289,"pd_mci_amnestic_death","full set"
"BLdhpccb",0,"pd_mci_amnestic_death","full set"
"BLnondhpccb",0,"pd_mci_amnestic_death","full set"
"BLotherantihypermed",-0.074342819995167,"pd_mci_amnestic_death","full set"
"benzo",-0.0759739370187617,"pd_mci_amnestic_death","full set"
"antiach",0.0290390332766199,"pd_mci_amnestic_death","full set"
"antidep",0,"pd_mci_amnestic_death","full set"
"acbscore",0.0285695976148592,"pd_mci_amnestic_death","full set"
"log_BLUMALCR",0.048354835900994,"pd_mci_amnestic_death","full set"
"age.spline1",0.844817762315402,"pd_mci_amnestic_death","full set"
"age.spline2",0.432405616582714,"pd_mci_amnestic_death","full set"
"age.spline3",1.35118056563114,"pd_mci_amnestic_death","full set"
"MoCA.spline1",-2.04476086888934,"pd_mci_amnestic_death","full set"
"MoCA.spline2",-1.0199885545068,"pd_mci_amnestic_death","full set"
"MoCA.spline3",-2.02286948309177,"pd_mci_amnestic_death","full set"
"education2",0.135388846101839,"pd_mci_amnestic_death","full set"
"education3",0.110340937868787,"pd_mci_amnestic_death","full set"
"education4",0.251003154393298,"pd_mci_amnestic_death","full set"
"BLcaresource2",-0.147361411706888,"pd_mci_amnestic_death","full set"
"BLcaresource3",0,"pd_mci_amnestic_death","full set"
"T.m.z",0.0162483626152263,"pd_mci_amnestic_death","full set"
"IntensiveTrt",-0.0834272317120465,"pd_mci_amnestic_death","full set"
"BLFemale",-0.014394772287779,"pd_death","full set"
"RaceBlack",-0.109193799743179,"pd_death","full set"
"RaceHispanic",-0.0441607175326625,"pd_death","full set"
"RaceWhite",0.230473063432107,"pd_death","full set"
"BLSBP",0.00362905798367669,"pd_death","full set"
"BLDBP",0,"pd_death","full set"
"BLseatHeartRate",0.00534232791405328,"pd_death","full set"
"BLSmokerCurrent",0.201705003464936,"pd_death","full set"
"BLDizzy",0,"pd_death","full set"
"BLSmokerFormer",0,"pd_death","full set"
"BLAspirinYN",0,"pd_death","full set"
"BLStatinYN",0,"pd_death","full set"
"result_K",0,"pd_death","full set"
"BLtotChol",-0.000267417956148765,"pd_death","full set"
"BLHDL",0,"pd_death","full set"
"BLTriglycerides",0,"pd_death","full set"
"BLBMI",-0.0189775257178536,"pd_death","full set"
"BLGlucose",0.00160942015191041,"pd_death","full set"
"BLClinicalCVD",0.110341154173773,"pd_death","full set"
"BLLeftVentricalHypertrophyany3",0.0841358111754205,"pd_death","full set"
"BLNsaidYN",0.00178040625342953,"pd_death","full set"
"BLCoronaryRevascular",0.121125983211063,"pd_death","full set"
"BLlivewithothers",-0.0819878719918974,"pd_death","full set"
"BLfulltimework",-0.338497591116854,"pd_death","full set"
"BLdepress",-0.00162399581426665,"pd_death","full set"
"BLNonAntiHyperMedNum",0,"pd_death","full set"
"BLAntiHyperMedNum",0,"pd_death","full set"
"BLThiazideDiuretic",-0.131714284080699,"pd_death","full set"
"BLLoopDiuretic",0.43788091680665,"pd_death","full set"
"BLBetaBlocker",0,"pd_death","full set"
"BLAlphaBlocker",0.00458604222472396,"pd_death","full set"
"LogicalMemory_DelayedRecall1",-0.0636232467555705,"pd_death","full set"
"DigitSymbolCoding",-0.0264316931290315,"pd_death","full set"
"result_creatr",0.340607536062236,"pd_death","full set"
"BLSmokerNever",-0.114942417631633,"pd_death","full set"
"medicare",0,"pd_death","full set"
"medicaid",-0.0618671570722071,"pd_death","full set"
"va",0.122717425660194,"pd_death","full set"
"privOther",0,"pd_death","full set"
"uninsured",0,"pd_death","full set"
"BLalcohol",0,"pd_death","full set"
"BLvig15min",-0.266714979362192,"pd_death","full set"
"BLacei",0,"pd_death","full set"
"BLarb",-0.062868670389214,"pd_death","full set"
"BLdhpccb",-0.00928756798125329,"pd_death","full set"
"BLnondhpccb",-0.0496454072606466,"pd_death","full set"
"BLotherantihypermed",-0.0880949815404121,"pd_death","full set"
"benzo",-0.231594064857193,"pd_death","full set"
"antiach",0,"pd_death","full set"
"antidep",0.286586752276831,"pd_death","full set"
"acbscore",0.0612790671899775,"pd_death","full set"
"log_BLUMALCR",0.132867223936875,"pd_death","full set"
"age.spline1",0.600522578741225,"pd_death","full set"
"age.spline2",0,"pd_death","full set"
"age.spline3",1.89243391171444,"pd_death","full set"
"MoCA.spline1",-1.47270107867224,"pd_death","full set"
"MoCA.spline2",-2.36094057967306,"pd_death","full set"
"MoCA.spline3",-0.899188687777033,"pd_death","full set"
"education2",-0.0305373327242823,"pd_death","full set"
"education3",0.209684852982323,"pd_death","full set"
"education4",0.303476093720984,"pd_death","full set"
"BLcaresource2",-0.0475090719324155,"pd_death","full set"
"BLcaresource3",0,"pd_death","full set"
"T.m.z",0.0344372851620407,"pd_death","full set"
"IntensiveTrt",-0.15495572866878,"pd_death","full set"
"BLFemale",-0.139576152867609,"pd_mci_protocol_death","full set"
"RaceBlack",-0.199596436867969,"pd_mci_protocol_death","full set"
"RaceHispanic",-0.329036805737514,"pd_mci_protocol_death","full set"
"RaceWhite",0.112640802236335,"pd_mci_protocol_death","full set"
"BLSBP",0.000830576804546761,"pd_mci_protocol_death","full set"
"BLDBP",-0.0024963832713953,"pd_mci_protocol_death","full set"
"BLseatHeartRate",0,"pd_mci_protocol_death","full set"
"BLSmokerCurrent",0.136651090455247,"pd_mci_protocol_death","full set"
"BLDizzy",0.0441130918770693,"pd_mci_protocol_death","full set"
"BLSmokerFormer",0,"pd_mci_protocol_death","full set"
"BLAspirinYN",-0.0251066274780967,"pd_mci_protocol_death","full set"
"BLStatinYN",0.0119187392609344,"pd_mci_protocol_death","full set"
"result_K",-0.0847930732667336,"pd_mci_protocol_death","full set"
"BLtotChol",-0.000268422708758606,"pd_mci_protocol_death","full set"
"BLHDL",0,"pd_mci_protocol_death","full set"
"BLTriglycerides",-3.69654158667325e-05,"pd_mci_protocol_death","full set"
"BLBMI",-0.0101468708094232,"pd_mci_protocol_death","full set"
"BLGlucose",0,"pd_mci_protocol_death","full set"
"BLClinicalCVD",0.0282164052986786,"pd_mci_protocol_death","full set"
"BLLeftVentricalHypertrophyany3",0.083104887986363,"pd_mci_protocol_death","full set"
"BLNsaidYN",0.0295818565245024,"pd_mci_protocol_death","full set"
"BLCoronaryRevascular",0,"pd_mci_protocol_death","full set"
"BLlivewithothers",-0.117492864606799,"pd_mci_protocol_death","full set"
"BLfulltimework",-0.221344672310002,"pd_mci_protocol_death","full set"
"BLdepress",-0.0868264667312813,"pd_mci_protocol_death","full set"
"BLNonAntiHyperMedNum",-0.0173052027228487,"pd_mci_protocol_death","full set"
"BLAntiHyperMedNum",-0.0623610170545396,"pd_mci_protocol_death","full set"
"BLThiazideDiuretic",0,"pd_mci_protocol_death","full set"
"BLLoopDiuretic",0.315323475294851,"pd_mci_protocol_death","full set"
"BLBetaBlocker",-0.0332091097971401,"pd_mci_protocol_death","full set"
"BLAlphaBlocker",0,"pd_mci_protocol_death","full set"
"LogicalMemory_DelayedRecall1",-0.0853638749464499,"pd_mci_protocol_death","full set"
"DigitSymbolCoding",-0.0228090713198766,"pd_mci_protocol_death","full set"
"result_creatr",0.239202299433428,"pd_mci_protocol_death","full set"
"BLSmokerNever",-0.00475676110488976,"pd_mci_protocol_death","full set"
"medicare",0.0621274471825155,"pd_mci_protocol_death","full set"
"medicaid",0.107252586092943,"pd_mci_protocol_death","full set"
"va",0.0287775647183254,"pd_mci_protocol_death","full set"
"privOther",-0.0657086855668661,"pd_mci_protocol_death","full set"
"uninsured",-0.038070445619785,"pd_mci_protocol_death","full set"
"BLalcohol",-0.0391288085327922,"pd_mci_protocol_death","full set"
"BLvig15min",-0.17280255271841,"pd_mci_protocol_death","full set"
"BLacei",0.0230279130852158,"pd_mci_protocol_death","full set"
"BLarb",-0.0457918253956689,"pd_mci_protocol_death","full set"
"BLdhpccb",-0.0413538979209366,"pd_mci_protocol_death","full set"
"BLnondhpccb",-0.0569413003042317,"pd_mci_protocol_death","full set"
"BLotherantihypermed",-0.154500067032412,"pd_mci_protocol_death","full set"
"benzo",-0.203649903718829,"pd_mci_protocol_death","full set"
"antiach",0.0138033938662168,"pd_mci_protocol_death","full set"
"antidep",0.172775432740254,"pd_mci_protocol_death","full set"
"acbscore",0.0553596663262619,"pd_mci_protocol_death","full set"
"log_BLUMALCR",0.0850452431153586,"pd_mci_protocol_death","full set"
"age.spline1",0.86488152393354,"pd_mci_protocol_death","full set"
"age.spline2",1.22560050673359,"pd_mci_protocol_death","full set"
"age.spline3",1.60787278656006,"pd_mci_protocol_death","full set"
"MoCA.spline1",-2.79460645639505,"pd_mci_protocol_death","full set"
"MoCA.spline2",-2.93712511817731,"pd_mci_protocol_death","full set"
"MoCA.spline3",-2.17762855004718,"pd_mci_protocol_death","full set"
"education2",0.209256699727198,"pd_mci_protocol_death","full set"
"education3",0.24582920553117,"pd_mci_protocol_death","full set"
"education4",0.450523487644325,"pd_mci_protocol_death","full set"
"BLcaresource2",-0.276349224793071,"pd_mci_protocol_death","full set"
"BLcaresource3",0,"pd_mci_protocol_death","full set"
"T.m.z",0.0585241784827283,"pd_mci_protocol_death","full set"
"IntensiveTrt",-0.17825716667324,"pd_mci_protocol_death","full set"
"BLFemale",-0.20581568694894,"pd_mci_amnestic_death","reduced set 1"
"RaceBlack",-0.0217733655967706,"pd_mci_amnestic_death","reduced set 1"
"RaceHispanic",-0.200032952412444,"pd_mci_amnestic_death","reduced set 1"
"RaceWhite",0.111983192885301,"pd_mci_amnestic_death","reduced set 1"
"BLSBP",0.00165954319897703,"pd_mci_amnestic_death","reduced set 1"
"BLDBP",0,"pd_mci_amnestic_death","reduced set 1"
"BLseatHeartRate",0.000836746771726658,"pd_mci_amnestic_death","reduced set 1"
"BLSmokerCurrent",0.129849419185711,"pd_mci_amnestic_death","reduced set 1"
"BLDizzy",0,"pd_mci_amnestic_death","reduced set 1"
"BLSmokerFormer",0,"pd_mci_amnestic_death","reduced set 1"
"BLStatinYN",-0.0106020036077591,"pd_mci_amnestic_death","reduced set 1"
"result_K",-0.0214213887749654,"pd_mci_amnestic_death","reduced set 1"
"BLtotChol",-0.000277884889414401,"pd_mci_amnestic_death","reduced set 1"
"BLHDL",0,"pd_mci_amnestic_death","reduced set 1"
"BLTriglycerides",6.66790722071637e-05,"pd_mci_amnestic_death","reduced set 1"
"BLBMI",-0.00687477065277056,"pd_mci_amnestic_death","reduced set 1"
"BLGlucose",0.000567934628510373,"pd_mci_amnestic_death","reduced set 1"
"BLClinicalCVD",0.0209657679128594,"pd_mci_amnestic_death","reduced set 1"
"BLLeftVentricalHypertrophyany3",0.0890591824033006,"pd_mci_amnestic_death","reduced set 1"
"BLCoronaryRevascular",-0.0037892395924578,"pd_mci_amnestic_death","reduced set 1"
"BLlivewithothers",-0.0543128452819259,"pd_mci_amnestic_death","reduced set 1"
"BLdepress",-0.000986880686327864,"pd_mci_amnestic_death","reduced set 1"
"BLAntiHyperMedNum",-0.0314904436300014,"pd_mci_amnestic_death","reduced set 1"
"LogicalMemory_DelayedRecall1",-0.109315011601197,"pd_mci_amnestic_death","reduced set 1"
"DigitSymbolCoding",-0.0186251973825753,"pd_mci_amnestic_death","reduced set 1"
"result_creatr",0.102664320922889,"pd_mci_amnestic_death","reduced set 1"
"BLSmokerNever",-0.025275818433214,"pd_mci_amnestic_death","reduced set 1"
"medicare",0.01001186075282,"pd_mci_amnestic_death","reduced set 1"
"medicaid",-0.0179783735059807,"pd_mci_amnestic_death","reduced set 1"
"va",0.0724996142503353,"pd_mci_amnestic_death","reduced set 1"
"privOther",-0.0150750254046854,"pd_mci_amnestic_death","reduced set 1"
"uninsured",0,"pd_mci_amnestic_death","reduced set 1"
"BLalcohol",-0.0310709706536909,"pd_mci_amnestic_death","reduced set 1"
"BLvig15min",-0.192895570509499,"pd_mci_amnestic_death","reduced set 1"
"benzo",-0.119988727888317,"pd_mci_amnestic_death","reduced set 1"
"antiach",0,"pd_mci_amnestic_death","reduced set 1"
"antidep",-0.00894108751992592,"pd_mci_amnestic_death","reduced set 1"
"acbscore",0.0287431784761544,"pd_mci_amnestic_death","reduced set 1"
"log_BLUMALCR",0.0497577631082918,"pd_mci_amnestic_death","reduced set 1"
"age.spline1",0.86993611344038,"pd_mci_amnestic_death","reduced set 1"
"age.spline2",0.526290147936787,"pd_mci_amnestic_death","reduced set 1"
"age.spline3",1.3640158941393,"pd_mci_amnestic_death","reduced set 1"
"MoCA.spline1",-2.07681003461051,"pd_mci_amnestic_death","reduced set 1"
"MoCA.spline2",-1.18008424592307,"pd_mci_amnestic_death","reduced set 1"
"MoCA.spline3",-2.07462709164395,"pd_mci_amnestic_death","reduced set 1"
"education2",0.172188815911561,"pd_mci_amnestic_death","reduced set 1"
"education3",0.142506842956383,"pd_mci_amnestic_death","reduced set 1"
"education4",0.288227565852732,"pd_mci_amnestic_death","reduced set 1"
"T.m.z",0.0160620763829968,"pd_mci_amnestic_death","reduced set 1"
"IntensiveTrt",-0.0839167252601175,"pd_mci_amnestic_death","reduced set 1"
"BLFemale",0,"pd_death","reduced set 1"
"RaceBlack",-0.140543225692262,"pd_death","reduced set 1"
"RaceHispanic",-0.0841733651558137,"pd_death","reduced set 1"
"RaceWhite",0.242528331105272,"pd_death","reduced set 1"
"BLSBP",0.00450246833584315,"pd_death","reduced set 1"
"BLDBP",0,"pd_death","reduced set 1"
"BLseatHeartRate",0.00628393636706655,"pd_death","reduced set 1"
"BLSmokerCurrent",0.237085180803163,"pd_death","reduced set 1"
"BLDizzy",0,"pd_death","reduced set 1"
"BLSmokerFormer",0,"pd_death","reduced set 1"
"BLStatinYN",0,"pd_death","reduced set 1"
"result_K",0,"pd_death","reduced set 1"
"BLtotChol",-0.000714881663661502,"pd_death","reduced set 1"
"BLHDL",0,"pd_death","reduced set 1"
"BLTriglycerides",0,"pd_death","reduced set 1"
"BLBMI",-0.0166856057324556,"pd_death","reduced set 1"
"BLGlucose",0.00118757194119307,"pd_death","reduced set 1"
"BLClinicalCVD",0.122192363974567,"pd_death","reduced set 1"
"BLLeftVentricalHypertrophyany3",0.106781909543365,"pd_death","reduced set 1"
"BLCoronaryRevascular",0.150312607076874,"pd_death","reduced set 1"
"BLlivewithothers",-0.0964643857927029,"pd_death","reduced set 1"
"BLdepress",0,"pd_death","reduced set 1"
"BLAntiHyperMedNum",-0.0257749159310858,"pd_death","reduced set 1"
"LogicalMemory_DelayedRecall1",-0.0625276097441543,"pd_death","reduced set 1"
"DigitSymbolCoding",-0.027963994115375,"pd_death","reduced set 1"
"result_creatr",0.442804705457837,"pd_death","reduced set 1"
"BLSmokerNever",-0.137812058771374,"pd_death","reduced set 1"
"medicare",0,"pd_death","reduced set 1"
"medicaid",-0.0637891499939077,"pd_death","reduced set 1"
"va",0.11792047916399,"pd_death","reduced set 1"
"privOther",0,"pd_death","reduced set 1"
"uninsured",0,"pd_death","reduced set 1"
"BLalcohol",0,"pd_death","reduced set 1"
"BLvig15min",-0.277494492983923,"pd_death","reduced set 1"
"benzo",-0.265387223479447,"pd_death","reduced set 1"
"antiach",-0.119322864165461,"pd_death","reduced set 1"
"antidep",0.247936134129133,"pd_death","reduced set 1"
"acbscore",0.104122510939647,"pd_death","reduced set 1"
"log_BLUMALCR",0.134692419161069,"pd_death","reduced set 1"
"age.spline1",0.726114150947923,"pd_death","reduced set 1"
"age.spline2",0,"pd_death","reduced set 1"
"age.spline3",1.92860407034685,"pd_death","reduced set 1"
"MoCA.spline1",-1.55659723809,"pd_death","reduced set 1"
"MoCA.spline2",-2.61999280161372,"pd_death","reduced set 1"
"MoCA.spline3",-1.0046394964591,"pd_death","reduced set 1"
"education2",-0.00435133998036019,"pd_death","reduced set 1"
"education3",0.251660893399655,"pd_death","reduced set 1"
"education4",0.350854411086923,"pd_death","reduced set 1"
"T.m.z",0.0267724296174544,"pd_death","reduced set 1"
"IntensiveTrt",-0.143537381691202,"pd_death","reduced set 1"
"BLFemale",-0.117233825969617,"pd_mci_protocol_death","reduced set 1"
"RaceBlack",-0.200763882244585,"pd_mci_protocol_death","reduced set 1"
"RaceHispanic",-0.312687126731642,"pd_mci_protocol_death","reduced set 1"
"RaceWhite",0.116861964108764,"pd_mci_protocol_death","reduced set 1"
"BLSBP",0.00120215230224659,"pd_mci_protocol_death","reduced set 1"
"BLDBP",-0.00234436753328495,"pd_mci_protocol_death","reduced set 1"
"BLseatHeartRate",0.000590436067097802,"pd_mci_protocol_death","reduced set 1"
"BLSmokerCurrent",0.136891306280045,"pd_mci_protocol_death","reduced set 1"
"BLDizzy",0.00475309301793383,"pd_mci_protocol_death","reduced set 1"
"BLSmokerFormer",0,"pd_mci_protocol_death","reduced set 1"
"BLStatinYN",0,"pd_mci_protocol_death","reduced set 1"
"result_K",-0.0825818400671251,"pd_mci_protocol_death","reduced set 1"
"BLtotChol",-0.000376892009308156,"pd_mci_protocol_death","reduced set 1"
"BLHDL",0,"pd_mci_protocol_death","reduced set 1"
"BLTriglycerides",0,"pd_mci_protocol_death","reduced set 1"
"BLBMI",-0.00915420350388366,"pd_mci_protocol_death","reduced set 1"
"BLGlucose",0,"pd_mci_protocol_death","reduced set 1"
"BLClinicalCVD",0.0203533586114637,"pd_mci_protocol_death","reduced set 1"
"BLLeftVentricalHypertrophyany3",0.0821608254851916,"pd_mci_protocol_death","reduced set 1"
"BLCoronaryRevascular",0,"pd_mci_protocol_death","reduced set 1"
"BLlivewithothers",-0.11611637325674,"pd_mci_protocol_death","reduced set 1"
"BLdepress",-0.0573094080787981,"pd_mci_protocol_death","reduced set 1"
"BLAntiHyperMedNum",-0.0729694522602163,"pd_mci_protocol_death","reduced set 1"
"LogicalMemory_DelayedRecall1",-0.0852364865819645,"pd_mci_protocol_death","reduced set 1"
"DigitSymbolCoding",-0.0234380413755679,"pd_mci_protocol_death","reduced set 1"
"result_creatr",0.287897067552225,"pd_mci_protocol_death","reduced set 1"
"BLSmokerNever",-0.0116220122065376,"pd_mci_protocol_death","reduced set 1"
"medicare",0.0905669161406244,"pd_mci_protocol_death","reduced set 1"
"medicaid",0.100730504516447,"pd_mci_protocol_death","reduced set 1"
"va",0.0171545009872731,"pd_mci_protocol_death","reduced set 1"
"privOther",-0.0516349082990623,"pd_mci_protocol_death","reduced set 1"
"uninsured",-0.0392982908799672,"pd_mci_protocol_death","reduced set 1"
"BLalcohol",-0.0376966992279318,"pd_mci_protocol_death","reduced set 1"
"BLvig15min",-0.178526777718005,"pd_mci_protocol_death","reduced set 1"
"benzo",-0.239503330529233,"pd_mci_protocol_death","reduced set 1"
"antiach",0,"pd_mci_protocol_death","reduced set 1"
"antidep",0.116826610032219,"pd_mci_protocol_death","reduced set 1"
"acbscore",0.0546471241812723,"pd_mci_protocol_death","reduced set 1"
"log_BLUMALCR",0.0790994103964173,"pd_mci_protocol_death","reduced set 1"
"age.spline1",0.958499260422201,"pd_mci_protocol_death","reduced set 1"
"age.spline2",1.35686445679762,"pd_mci_protocol_death","reduced set 1"
"age.spline3",1.66943457922772,"pd_mci_protocol_death","reduced set 1"
"MoCA.spline1",-2.74957198098171,"pd_mci_protocol_death","reduced set 1"
"MoCA.spline2",-2.87768710608791,"pd_mci_protocol_death","reduced set 1"
"MoCA.spline3",-2.15159572508672,"pd_mci_protocol_death","reduced set 1"
"education2",0.203620783009958,"pd_mci_protocol_death","reduced set 1"
"education3",0.230558043588622,"pd_mci_protocol_death","reduced set 1"
"education4",0.420803592573112,"pd_mci_protocol_death","reduced set 1"
"T.m.z",0.0563843514801306,"pd_mci_protocol_death","reduced set 1"
"IntensiveTrt",-0.173014788974689,"pd_mci_protocol_death","reduced set 1"
"BLFemale",-0.216858294063253,"pd_mci_amnestic_death","reduced set 2"
"RaceBlack",-0.00882633814136313,"pd_mci_amnestic_death","reduced set 2"
"RaceHispanic",-0.150395617745984,"pd_mci_amnestic_death","reduced set 2"
"RaceWhite",0,"pd_mci_amnestic_death","reduced set 2"
"BLSBP",0.00101859953671778,"pd_mci_amnestic_death","reduced set 2"
"BLDBP",-0.00149918456199909,"pd_mci_amnestic_death","reduced set 2"
"BLseatHeartRate",0.00183697870631911,"pd_mci_amnestic_death","reduced set 2"
"BLSmokerCurrent",0.0389118063761002,"pd_mci_amnestic_death","reduced set 2"
"BLDizzy",0,"pd_mci_amnestic_death","reduced set 2"
"BLSmokerFormer",0,"pd_mci_amnestic_death","reduced set 2"
"BLAspirinYN",-0.00719956931774031,"pd_mci_amnestic_death","reduced set 2"
"BLStatinYN",0,"pd_mci_amnestic_death","reduced set 2"
"result_K",-0.024784511432404,"pd_mci_amnestic_death","reduced set 2"
"BLtotChol",-0.000213901402714082,"pd_mci_amnestic_death","reduced set 2"
"BLHDL",0,"pd_mci_amnestic_death","reduced set 2"
"BLTriglycerides",0,"pd_mci_amnestic_death","reduced set 2"
"BLBMI",-0.00552127684880737,"pd_mci_amnestic_death","reduced set 2"
"BLGlucose",0,"pd_mci_amnestic_death","reduced set 2"
"BLClinicalCVD",0.0437770183068447,"pd_mci_amnestic_death","reduced set 2"
"BLLeftVentricalHypertrophyany3",0.0967159414183861,"pd_mci_amnestic_death","reduced set 2"
"BLNsaidYN",0,"pd_mci_amnestic_death","reduced set 2"
"BLCoronaryRevascular",0,"pd_mci_amnestic_death","reduced set 2"
"BLfulltimework",0,"pd_mci_amnestic_death","reduced set 2"
"BLdepress",-0.0339578726673315,"pd_mci_amnestic_death","reduced set 2"
"BLNonAntiHyperMedNum",-0.0146659948248487,"pd_mci_amnestic_death","reduced set 2"
"BLAntiHyperMedNum",-0.00450193304279034,"pd_mci_amnestic_death","reduced set 2"
"BLThiazideDiuretic",-0.0725244510266864,"pd_mci_amnestic_death","reduced set 2"
"BLLoopDiuretic",0.0933318497558696,"pd_mci_amnestic_death","reduced set 2"
"BLBetaBlocker",0,"pd_mci_amnestic_death","reduced set 2"
"BLAlphaBlocker",0.019370547716272,"pd_mci_amnestic_death","reduced set 2"
"LogicalMemory_DelayedRecall1",-0.158202239364095,"pd_mci_amnestic_death","reduced set 2"
"DigitSymbolCoding",-0.0259528541759962,"pd_mci_amnestic_death","reduced set 2"
"result_creatr",0.0391532172233357,"pd_mci_amnestic_death","reduced set 2"
"BLSmokerNever",0,"pd_mci_amnestic_death","reduced set 2"
"medicare",0.021824073772575,"pd_mci_amnestic_death","reduced set 2"
"medicaid",-0.0430985640151163,"pd_mci_amnestic_death","reduced set 2"
"va",0.0771257462851476,"pd_mci_amnestic_death","reduced set 2"
"privOther",-0.0710660757701599,"pd_mci_amnestic_death","reduced set 2"
"uninsured",0,"pd_mci_amnestic_death","reduced set 2"
"BLalcohol",-0.0270150366112185,"pd_mci_amnestic_death","reduced set 2"
"BLvig15min",-0.167068730603474,"pd_mci_amnestic_death","reduced set 2"
"BLserial7",-0.207646502204552,"pd_mci_amnestic_death","reduced set 2"
"BLacei",0,"pd_mci_amnestic_death","reduced set 2"
"BLarb",-0.0326393839020507,"pd_mci_amnestic_death","reduced set 2"
"BLdhpccb",-0.0445044996938419,"pd_mci_amnestic_death","reduced set 2"
"BLnondhpccb",0,"pd_mci_amnestic_death","reduced set 2"
"BLotherantihypermed",-0.109680720753285,"pd_mci_amnestic_death","reduced set 2"
"benzo",-0.0488052100528987,"pd_mci_amnestic_death","reduced set 2"
"antiach",0.00412759346107861,"pd_mci_amnestic_death","reduced set 2"
"antidep",0,"pd_mci_amnestic_death","reduced set 2"
"acbscore",0.025951537519173,"pd_mci_amnestic_death","reduced set 2"
"log_BLUMALCR",0.0461817212871282,"pd_mci_amnestic_death","reduced set 2"
"age.spline1",0.917565505164473,"pd_mci_amnestic_death","reduced set 2"
"age.spline2",0.153525369357086,"pd_mci_amnestic_death","reduced set 2"
"age.spline3",1.40580083156978,"pd_mci_amnestic_death","reduced set 2"
"education2",0.120481061484282,"pd_mci_amnestic_death","reduced set 2"
"education3",0,"pd_mci_amnestic_death","reduced set 2"
"education4",0,"pd_mci_amnestic_death","reduced set 2"
"BLcaresource2",-0.112521965001982,"pd_mci_amnestic_death","reduced set 2"
"BLcaresource3",0,"pd_mci_amnestic_death","reduced set 2"
"T.m.z",0.0246765335239058,"pd_mci_amnestic_death","reduced set 2"
"IntensiveTrt",-0.0891787115027192,"pd_mci_amnestic_death","reduced set 2"
"BLFemale",0,"pd_death","reduced set 2"
"RaceBlack",-0.168142912330262,"pd_death","reduced set 2"
"RaceHispanic",0,"pd_death","reduced set 2"
"RaceWhite",0.108358773526914,"pd_death","reduced set 2"
"BLSBP",0.00336120626522233,"pd_death","reduced set 2"
"BLDBP",0,"pd_death","reduced set 2"
"BLseatHeartRate",0.00537694188734336,"pd_death","reduced set 2"
"BLSmokerCurrent",0.11248266088166,"pd_death","reduced set 2"
"BLDizzy",0,"pd_death","reduced set 2"
"BLSmokerFormer",0,"pd_death","reduced set 2"
"BLAspirinYN",0,"pd_death","reduced set 2"
"BLStatinYN",0,"pd_death","reduced set 2"
"result_K",0,"pd_death","reduced set 2"
"BLtotChol",-0.000177055496517708,"pd_death","reduced set 2"
"BLHDL",0,"pd_death","reduced set 2"
"BLTriglycerides",0,"pd_death","reduced set 2"
"BLBMI",-0.0179444069182756,"pd_death","reduced set 2"
"BLGlucose",0.000679439830320934,"pd_death","reduced set 2"
"BLClinicalCVD",0.119820961705905,"pd_death","reduced set 2"
"BLLeftVentricalHypertrophyany3",0.0871555274013731,"pd_death","reduced set 2"
"BLNsaidYN",0,"pd_death","reduced set 2"
"BLCoronaryRevascular",0.0931079251442569,"pd_death","reduced set 2"
"BLfulltimework",-0.282415761428249,"pd_death","reduced set 2"
"BLdepress",0,"pd_death","reduced set 2"
"BLNonAntiHyperMedNum",0,"pd_death","reduced set 2"
"BLAntiHyperMedNum",0,"pd_death","reduced set 2"
"BLThiazideDiuretic",-0.121324659104694,"pd_death","reduced set 2"
"BLLoopDiuretic",0.407916401433914,"pd_death","reduced set 2"
"BLBetaBlocker",0,"pd_death","reduced set 2"
"BLAlphaBlocker",0,"pd_death","reduced set 2"
"LogicalMemory_DelayedRecall1",-0.0842342940862047,"pd_death","reduced set 2"
"DigitSymbolCoding",-0.029721560686479,"pd_death","reduced set 2"
"result_creatr",0.296240992695341,"pd_death","reduced set 2"
"BLSmokerNever",-0.0938575151556653,"pd_death","reduced set 2"
"medicare",0,"pd_death","reduced set 2"
"medicaid",-0.0362764892245396,"pd_death","reduced set 2"
"va",0.10662078885059,"pd_death","reduced set 2"
"privOther",0,"pd_death","reduced set 2"
"uninsured",0,"pd_death","reduced set 2"
"BLalcohol",0,"pd_death","reduced set 2"
"BLvig15min",-0.254042987151279,"pd_death","reduced set 2"
"BLserial7",-0.109583877789646,"pd_death","reduced set 2"
"BLacei",0,"pd_death","reduced set 2"
"BLarb",-0.0572954375626656,"pd_death","reduced set 2"
"BLdhpccb",-0.0147001159875532,"pd_death","reduced set 2"
"BLnondhpccb",-0.00193096097640791,"pd_death","reduced set 2"
"BLotherantihypermed",-0.0726622627035685,"pd_death","reduced set 2"
"benzo",-0.182412500432868,"pd_death","reduced set 2"
"antiach",0,"pd_death","reduced set 2"
"antidep",0.259914262333314,"pd_death","reduced set 2"
"acbscore",0.0624927844272693,"pd_death","reduced set 2"
"log_BLUMALCR",0.130138736112938,"pd_death","reduced set 2"
"age.spline1",0.681658110786007,"pd_death","reduced set 2"
"age.spline2",0,"pd_death","reduced set 2"
"age.spline3",1.95089841967028,"pd_death","reduced set 2"
"education2",-0.112993989971012,"pd_death","reduced set 2"
"education3",0.0326760023445609,"pd_death","reduced set 2"
"education4",0.0725112361555315,"pd_death","reduced set 2"
"BLcaresource2",-0.0133539608184891,"pd_death","reduced set 2"
"BLcaresource3",0,"pd_death","reduced set 2"
"T.m.z",0.0437654143410239,"pd_death","reduced set 2"
"IntensiveTrt",-0.156153398582001,"pd_death","reduced set 2"
"BLFemale",-0.171947223292811,"pd_mci_protocol_death","reduced set 2"
"RaceBlack",-0.214997471027178,"pd_mci_protocol_death","reduced set 2"
"RaceHispanic",-0.272121431636504,"pd_mci_protocol_death","reduced set 2"
"RaceWhite",0,"pd_mci_protocol_death","reduced set 2"
"BLSBP",0.0014874211759013,"pd_mci_protocol_death","reduced set 2"
"BLDBP",-0.00529842091274861,"pd_mci_protocol_death","reduced set 2"
"BLseatHeartRate",0.00364419592298354,"pd_mci_protocol_death","reduced set 2"
"BLSmokerCurrent",0.0652485813690302,"pd_mci_protocol_death","reduced set 2"
"BLDizzy",0.104387397647379,"pd_mci_protocol_death","reduced set 2"
"BLSmokerFormer",-0.000610230031931363,"pd_mci_protocol_death","reduced set 2"
"BLAspirinYN",0,"pd_mci_protocol_death","reduced set 2"
"BLStatinYN",0.00762658604239917,"pd_mci_protocol_death","reduced set 2"
"result_K",-0.0952964148022185,"pd_mci_protocol_death","reduced set 2"
"BLtotChol",-0.000436777217965253,"pd_mci_protocol_death","reduced set 2"
"BLHDL",0.000258580908977115,"pd_mci_protocol_death","reduced set 2"
"BLTriglycerides",-9.50393555178908e-05,"pd_mci_protocol_death","reduced set 2"
"BLBMI",-0.00899615052055769,"pd_mci_protocol_death","reduced set 2"
"BLGlucose",-0.000372167483417937,"pd_mci_protocol_death","reduced set 2"
"BLClinicalCVD",0.0379362748319429,"pd_mci_protocol_death","reduced set 2"
"BLLeftVentricalHypertrophyany3",0.127106913759309,"pd_mci_protocol_death","reduced set 2"
"BLNsaidYN",0,"pd_mci_protocol_death","reduced set 2"
"BLCoronaryRevascular",0,"pd_mci_protocol_death","reduced set 2"
"BLfulltimework",-0.175793072450064,"pd_mci_protocol_death","reduced set 2"
"BLdepress",-0.127498977705337,"pd_mci_protocol_death","reduced set 2"
"BLNonAntiHyperMedNum",-0.0180560846973713,"pd_mci_protocol_death","reduced set 2"
"BLAntiHyperMedNum",-0.0515676624578624,"pd_mci_protocol_death","reduced set 2"
"BLThiazideDiuretic",-0.0471532338320655,"pd_mci_protocol_death","reduced set 2"
"BLLoopDiuretic",0.226499349221078,"pd_mci_protocol_death","reduced set 2"
"BLBetaBlocker",-0.0244658679719329,"pd_mci_protocol_death","reduced set 2"
"BLAlphaBlocker",0,"pd_mci_protocol_death","reduced set 2"
"LogicalMemory_DelayedRecall1",-0.138854230017984,"pd_mci_protocol_death","reduced set 2"
"DigitSymbolCoding",-0.0320419812878321,"pd_mci_protocol_death","reduced set 2"
"result_creatr",0.203980723929373,"pd_mci_protocol_death","reduced set 2"
"BLSmokerNever",0,"pd_mci_protocol_death","reduced set 2"
"medicare",0.0769010625868307,"pd_mci_protocol_death","reduced set 2"
"medicaid",0.0538150645218885,"pd_mci_protocol_death","reduced set 2"
"va",0.00722964058720155,"pd_mci_protocol_death","reduced set 2"
"privOther",-0.100816052660073,"pd_mci_protocol_death","reduced set 2"
"uninsured",0,"pd_mci_protocol_death","reduced set 2"
"BLalcohol",-0.0328195760028772,"pd_mci_protocol_death","reduced set 2"
"BLvig15min",-0.166458594141163,"pd_mci_protocol_death","reduced set 2"
"BLserial7",-0.318296051441778,"pd_mci_protocol_death","reduced set 2"
"BLacei",0.0270014717035648,"pd_mci_protocol_death","reduced set 2"
"BLarb",-0.0576125238274698,"pd_mci_protocol_death","reduced set 2"
"BLdhpccb",-0.103520295493214,"pd_mci_protocol_death","reduced set 2"
"BLnondhpccb",-0.102497587557776,"pd_mci_protocol_death","reduced set 2"
"BLotherantihypermed",-0.203839837049387,"pd_mci_protocol_death","reduced set 2"
"benzo",-0.202839684282506,"pd_mci_protocol_death","reduced set 2"
"antiach",0.000582454868070435,"pd_mci_protocol_death","reduced set 2"
"antidep",0.196893995956968,"pd_mci_protocol_death","reduced set 2"
"acbscore",0.0547024833769768,"pd_mci_protocol_death","reduced set 2"
"log_BLUMALCR",0.0831733969831458,"pd_mci_protocol_death","reduced set 2"
"age.spline1",1.09352617252153,"pd_mci_protocol_death","reduced set 2"
"age.spline2",1.37904498745077,"pd_mci_protocol_death","reduced set 2"
"age.spline3",1.81935428025764,"pd_mci_protocol_death","reduced set 2"
"education2",0.191150918202037,"pd_mci_protocol_death","reduced set 2"
"education3",0.140395746809656,"pd_mci_protocol_death","reduced set 2"
"education4",0.203634097081337,"pd_mci_protocol_death","reduced set 2"
"BLcaresource2",-0.262609720729599,"pd_mci_protocol_death","reduced set 2"
"BLcaresource3",0,"pd_mci_protocol_death","reduced set 2"
"T.m.z",0.0657165018812414,"pd_mci_protocol_death","reduced set 2"
"IntensiveTrt",-0.174242876062464,"pd_mci_protocol_death","reduced set 2"
